{
  "best_model": "XGBoost",
  "best_model_score": 0.7908505475360876,
  "test_accuracy": 0.7911280846063454,
  "test_f1": 0.7908505475360876,
  "confusion_matrix": [
    [
      2817,
      604
    ],
    [
      818,
      2569
    ]
  ],
  "feature_importance": null
}